session_type,n,mean_delta_BC,sem_delta_BC
IM,18,0.49333333333333346,0.02095747327982335
WMP,18,0.16666666666666663,0.04689022084035772
OMP,18,-0.006666666666666658,0.033018117427124356
